<metadata xml:lang="pt"><Esri><CreaDate>20190529</CreaDate><CreaTime>11512600</CreaTime><SyncOnce>FALSE</SyncOnce><SyncDate>20240511</SyncDate><SyncTime>10053900</SyncTime><ModDate>20240511</ModDate><ModTime>10053900</ModTime><ArcGISFormat>1.0</ArcGISFormat><ArcGISstyle>FGDC CSDGM Metadata</ArcGISstyle><DataProperties><itemProps><itemLocation><linkage Sync="TRUE">file://\\DESKTOP-027806G\C$\Users\Home\Desktop\Geoprocessamento\tocantins\Ilhas_A.shp</linkage><protocol Sync="TRUE">Local Area Network</protocol></itemLocation><itemName Sync="TRUE">Ilhas_A</itemName><imsContentType Sync="TRUE">002</imsContentType><itemSize Sync="TRUE">0.000</itemSize></itemProps><coordRef><type Sync="TRUE">Geographic</type><geogcsn Sync="TRUE">GCS_SIRGAS_2000</geogcsn><csUnits Sync="TRUE">Angular Unit: Degree (0.017453)</csUnits><peXml Sync="TRUE">&lt;GeographicCoordinateSystem xsi:type='typens:GeographicCoordinateSystem' xmlns:xsi='http://www.w3.org/2001/XMLSchema-instance' xmlns:xs='http://www.w3.org/2001/XMLSchema' xmlns:typens='http://www.esri.com/schemas/ArcGIS/10.4'&gt;&lt;WKT&gt;GEOGCS[&amp;quot;GCS_SIRGAS_2000&amp;quot;,DATUM[&amp;quot;D_SIRGAS_2000&amp;quot;,SPHEROID[&amp;quot;GRS_1980&amp;quot;,6378137.0,298.257222101]],PRIMEM[&amp;quot;Greenwich&amp;quot;,0.0],UNIT[&amp;quot;Degree&amp;quot;,0.0174532925199433],AUTHORITY[&amp;quot;EPSG&amp;quot;,4674]]&lt;/WKT&gt;&lt;XOrigin&gt;-400&lt;/XOrigin&gt;&lt;YOrigin&gt;-400&lt;/YOrigin&gt;&lt;XYScale&gt;11258999068426.238&lt;/XYScale&gt;&lt;ZOrigin&gt;-100000&lt;/ZOrigin&gt;&lt;ZScale&gt;10000&lt;/ZScale&gt;&lt;MOrigin&gt;-100000&lt;/MOrigin&gt;&lt;MScale&gt;10000&lt;/MScale&gt;&lt;XYTolerance&gt;8.9831528411952133e-009&lt;/XYTolerance&gt;&lt;ZTolerance&gt;0.001&lt;/ZTolerance&gt;&lt;MTolerance&gt;0.001&lt;/MTolerance&gt;&lt;HighPrecision&gt;true&lt;/HighPrecision&gt;&lt;LeftLongitude&gt;-180&lt;/LeftLongitude&gt;&lt;WKID&gt;4674&lt;/WKID&gt;&lt;LatestWKID&gt;4674&lt;/LatestWKID&gt;&lt;/GeographicCoordinateSystem&gt;</peXml></coordRef><lineage><Process ToolSource="c:\program files\arcgis\desktop10.4\ArcToolbox\Toolboxes\Conversion Tools.tbx\FeatureClassToFeatureClass" Date="20240511" Time="095316">FeatureClassToFeatureClass D:\Projetos\bases\BD_Zoneamento.gdb\BD_Cartografico\Ilhas C:\Users\Home\Desktop\Geoprocessamento\tocantins\BD_Unitop.gdb\BD_Referencia Ilhas # "OBJECTID "OBJECTID" true true false 8 Double 0 0 ,First,#,D:\Projetos\bases\BD_Zoneamento.gdb\BD_Cartografico\Ilhas,OBJECTID,-1,-1;CD_HIDROGR "CD_HIDROGR" true true false 8 Double 0 0 ,First,#,D:\Projetos\bases\BD_Zoneamento.gdb\BD_Cartografico\Ilhas,CD_HIDROGR,-1,-1;NM_IDENTIF "NM_IDENTIF" true true false 100 Text 0 0 ,First,#,D:\Projetos\bases\BD_Zoneamento.gdb\BD_Cartografico\Ilhas,NM_IDENTIF,-1,-1;TIP_HIDROG "TIP_HIDROG" true true false 8 Double 0 0 ,First,#,D:\Projetos\bases\BD_Zoneamento.gdb\BD_Cartografico\Ilhas,TIP_HIDROG,-1,-1;DT_AQUISIC "DT_AQUISIC" true true false 8 Date 0 0 ,First,#,D:\Projetos\bases\BD_Zoneamento.gdb\BD_Cartografico\Ilhas,DT_AQUISIC,-1,-1;DT_ALTERAC "DT_ALTERAC" true true false 8 Date 0 0 ,First,#,D:\Projetos\bases\BD_Zoneamento.gdb\BD_Cartografico\Ilhas,DT_ALTERAC,-1,-1;MET_ALTERA "MET_ALTERA" true true false 8 Double 0 0 ,First,#,D:\Projetos\bases\BD_Zoneamento.gdb\BD_Cartografico\Ilhas,MET_ALTERA,-1,-1;FON_INF_AL "FON_INF_AL" true true false 8 Double 0 0 ,First,#,D:\Projetos\bases\BD_Zoneamento.gdb\BD_Cartografico\Ilhas,FON_INF_AL,-1,-1;FL_IND_NOM "FL_IND_NOM" true true false 18 Text 0 0 ,First,#,D:\Projetos\bases\BD_Zoneamento.gdb\BD_Cartografico\Ilhas,FL_IND_NOM,-1,-1;NM_RIO_ASS "NM_RIO_ASS" true true false 254 Text 0 0 ,First,#,D:\Projetos\bases\BD_Zoneamento.gdb\BD_Cartografico\Ilhas,NM_RIO_ASS,-1,-1;Shape_Length "Shape_Length" false true true 8 Double 0 0 ,First,#,D:\Projetos\bases\BD_Zoneamento.gdb\BD_Cartografico\Ilhas,Shape_Length,-1,-1;Shape_Area "Shape_Area" false true true 8 Double 0 0 ,First,#,D:\Projetos\bases\BD_Zoneamento.gdb\BD_Cartografico\Ilhas,Shape_Area,-1,-1" #</Process><Process ToolSource="c:\program files\arcgis\desktop10.4\ArcToolbox\Toolboxes\Conversion Tools.tbx\FeatureClassToFeatureClass" Date="20240511" Time="100540">FeatureClassToFeatureClass C:\Users\Home\Desktop\Geoprocessamento\tocantins\BD_Unitop.gdb\BD_Referencia\Ilhas_A C:\Users\Home\Desktop\Geoprocessamento\tocantins Ilhas_A.shp # "OBJECTID "OBJECTID" true true false 8 Double 0 0 ,First,#,C:\Users\Home\Desktop\Geoprocessamento\tocantins\BD_Unitop.gdb\BD_Referencia\Ilhas_A,OBJECTID,-1,-1;CD_HIDROGR "CD_HIDROGR" true true false 8 Double 0 0 ,First,#,C:\Users\Home\Desktop\Geoprocessamento\tocantins\BD_Unitop.gdb\BD_Referencia\Ilhas_A,CD_HIDROGR,-1,-1;NM_IDENTIF "NM_IDENTIF" true true false 100 Text 0 0 ,First,#,C:\Users\Home\Desktop\Geoprocessamento\tocantins\BD_Unitop.gdb\BD_Referencia\Ilhas_A,NM_IDENTIF,-1,-1;TIP_HIDROG "TIP_HIDROG" true true false 8 Double 0 0 ,First,#,C:\Users\Home\Desktop\Geoprocessamento\tocantins\BD_Unitop.gdb\BD_Referencia\Ilhas_A,TIP_HIDROG,-1,-1;DT_AQUISIC "DT_AQUISIC" true true false 8 Date 0 0 ,First,#,C:\Users\Home\Desktop\Geoprocessamento\tocantins\BD_Unitop.gdb\BD_Referencia\Ilhas_A,DT_AQUISIC,-1,-1;DT_ALTERAC "DT_ALTERAC" true true false 8 Date 0 0 ,First,#,C:\Users\Home\Desktop\Geoprocessamento\tocantins\BD_Unitop.gdb\BD_Referencia\Ilhas_A,DT_ALTERAC,-1,-1;MET_ALTERA "MET_ALTERA" true true false 8 Double 0 0 ,First,#,C:\Users\Home\Desktop\Geoprocessamento\tocantins\BD_Unitop.gdb\BD_Referencia\Ilhas_A,MET_ALTERA,-1,-1;FON_INF_AL "FON_INF_AL" true true false 8 Double 0 0 ,First,#,C:\Users\Home\Desktop\Geoprocessamento\tocantins\BD_Unitop.gdb\BD_Referencia\Ilhas_A,FON_INF_AL,-1,-1;FL_IND_NOM "FL_IND_NOM" true true false 18 Text 0 0 ,First,#,C:\Users\Home\Desktop\Geoprocessamento\tocantins\BD_Unitop.gdb\BD_Referencia\Ilhas_A,FL_IND_NOM,-1,-1;NM_RIO_ASS "NM_RIO_ASS" true true false 254 Text 0 0 ,First,#,C:\Users\Home\Desktop\Geoprocessamento\tocantins\BD_Unitop.gdb\BD_Referencia\Ilhas_A,NM_RIO_ASS,-1,-1;Shape_Leng "Shape_Leng" false true true 8 Double 0 0 ,First,#,C:\Users\Home\Desktop\Geoprocessamento\tocantins\BD_Unitop.gdb\BD_Referencia\Ilhas_A,Shape_Length,-1,-1;Shape_Area "Shape_Area" false true true 8 Double 0 0 ,First,#,C:\Users\Home\Desktop\Geoprocessamento\tocantins\BD_Unitop.gdb\BD_Referencia\Ilhas_A,Shape_Area,-1,-1" #</Process></lineage></DataProperties></Esri><idinfo><native Sync="TRUE">Microsoft Windows 2000 Version 5.0 (Build 2195) Service Pack 4; ESRI ArcCatalog 8.3.0.800</native><descript><langdata Sync="TRUE">pt</langdata><abstract>REQUIRED: A brief narrative summary of the data set.</abstract><purpose>REQUIRED: A summary of the intentions with which the data set was developed.</purpose></descript><citation><citeinfo><origin>REQUIRED: The name of an organization or individual that developed the data set.</origin><pubdate>REQUIRED: The date when the data set is published or otherwise made available for release.</pubdate><title Sync="TRUE">NATURATINS.BCIlha100_Lmb</title><ftname Sync="TRUE">NATURATINS.BCIlha100_Lmb</ftname><geoform Sync="TRUE">vector digital data</geoform><onlink Sync="TRUE">\\Dzee-arqs\projetos\Arcinfo\proj_sto\Geodata_Base_Tocantins\Atlas.gdb</onlink></citeinfo></citation><timeperd><current>REQUIRED: The basis on which the time period of content information is determined.</current><timeinfo><sngdate><caldate>REQUIRED: The year (and optionally month, or month and day) for which the data set corresponds to the ground.</caldate></sngdate></timeinfo></timeperd><status><progress>REQUIRED: The state of the data set.</progress><update>REQUIRED: The frequency with which changes and additions are made to the data set after the initial data set is completed.</update></status><spdom><bounding><westbc Sync="TRUE">-51.010098</westbc><eastbc Sync="TRUE">-46.748667</eastbc><northbc Sync="TRUE">-5.154517</northbc><southbc Sync="TRUE">-13.495097</southbc></bounding><lboundng><leftbc Sync="TRUE">173605.444210</leftbc><rightbc Sync="TRUE">635682.902795</rightbc><bottombc Sync="TRUE">8502203.040912</bottombc><topbc Sync="TRUE">9423825.217392</topbc></lboundng></spdom><keywords><theme><themekt>REQUIRED: Reference to a formally registered thesaurus or a similar authoritative source of theme keywords.</themekt><themekey>REQUIRED: Common-use word or phrase used to describe the subject of the data set.</themekey></theme></keywords><accconst>REQUIRED: Restrictions and legal prerequisites for accessing the data set.</accconst><useconst>REQUIRED: Restrictions and legal prerequisites for using the data set after access is granted.</useconst><natvform Sync="TRUE">SDE Feature Class</natvform></idinfo><dataIdInfo><envirDesc Sync="TRUE"> Version 6.2 (Build 9200) ; Esri ArcGIS 10.4.1.5686</envirDesc><dataLang><languageCode Sync="TRUE" value="por"></languageCode><countryCode value="BRA" Sync="TRUE"></countryCode></dataLang><idCitation><resTitle Sync="TRUE">Ilhas_A</resTitle><presForm><PresFormCd Sync="TRUE" value="005"></PresFormCd></presForm></idCitation><spatRpType><SpatRepTypCd Sync="TRUE" value="001"></SpatRepTypCd></spatRpType><dataExt><geoEle><GeoBndBox esriExtentType="native"><westBL Sync="TRUE">173605.44421</westBL><eastBL Sync="TRUE">635682.902795</eastBL><northBL Sync="TRUE">9423825.217392</northBL><southBL Sync="TRUE">8502203.040912</southBL><exTypeCode Sync="TRUE">1</exTypeCode></GeoBndBox></geoEle></dataExt><geoBox esriExtentType="decdegrees"><westBL Sync="TRUE">-51.010098</westBL><eastBL Sync="TRUE">-46.748667</eastBL><northBL Sync="TRUE">-5.154517</northBL><southBL Sync="TRUE">-13.495097</southBL><exTypeCode Sync="TRUE">1</exTypeCode></geoBox></dataIdInfo><metainfo><langmeta Sync="TRUE">pt</langmeta><metstdn Sync="TRUE">FGDC Content Standards for Digital Geospatial Metadata</metstdn><metstdv Sync="TRUE">FGDC-STD-001-1998</metstdv><mettc Sync="TRUE">local time</mettc><metc><cntinfo><cntorgp><cntper>REQUIRED: The person responsible for the metadata information.</cntper><cntorg>REQUIRED: The organization responsible for the metadata information.</cntorg></cntorgp><cntaddr><addrtype>REQUIRED: The mailing and/or physical address for the organization or individual.</addrtype><city>REQUIRED: The city of the address.</city><state>REQUIRED: The state or province of the address.</state><postal>REQUIRED: The ZIP or other postal code of the address.</postal></cntaddr><cntvoice>REQUIRED: The telephone number by which individuals can speak to the organization or individual.</cntvoice></cntinfo></metc><metd Sync="TRUE">20040604</metd></metainfo><mdLang><languageCode Sync="TRUE" value="por"></languageCode><countryCode value="BRA" Sync="TRUE"></countryCode></mdLang><mdStanName Sync="TRUE">ISO 19115 Geographic Information - Metadata</mdStanName><mdStanVer Sync="TRUE">DIS_ESRI1.0</mdStanVer><mdChar><CharSetCd Sync="TRUE" value="004"></CharSetCd></mdChar><mdHrLv><ScopeCd Sync="TRUE" value="005"></ScopeCd></mdHrLv><mdHrLvName Sync="TRUE">dataset</mdHrLvName><distinfo><resdesc Sync="TRUE">Downloadable Data</resdesc></distinfo><distInfo><distributor><distorTran><onLineSrc><orDesc Sync="TRUE">002</orDesc><linkage Sync="TRUE">file://\\Dzee-arqs\projetos\Arcinfo\proj_sto\Geodata_Base_Tocantins\Atlas.gdb</linkage><protocol Sync="TRUE">Local Area Network</protocol></onLineSrc></distorTran><distorFormat><formatName Sync="TRUE">SDE Feature Class</formatName></distorFormat></distributor><distFormat><formatName Sync="TRUE">Shapefile</formatName></distFormat><distTranOps><transSize Sync="TRUE">0.000</transSize></distTranOps></distInfo><spdoinfo><direct Sync="TRUE">Vector</direct><ptvctinf><esriterm Name="Ilhas_A"><efeatyp Sync="TRUE">Simple</efeatyp><efeageom code="4" Sync="TRUE"></efeageom><esritopo Sync="TRUE">FALSE</esritopo><efeacnt Sync="TRUE">0</efeacnt><spindex Sync="TRUE">FALSE</spindex><linrefer Sync="TRUE">FALSE</linrefer></esriterm></ptvctinf></spdoinfo><spref><horizsys><cordsysn><geogcsn Sync="TRUE">GCS_South_American_1969</geogcsn><projcsn Sync="TRUE">South_America_Lambert_Conformal_Conic</projcsn></cordsysn><geodetic><horizdn Sync="TRUE">D_South_American_1969</horizdn><ellips Sync="TRUE">GRS_1967_Truncated</ellips><semiaxis Sync="TRUE">6378160.000000</semiaxis><denflat Sync="TRUE">298.250000</denflat></geodetic></horizsys><vertdef><altsys><altenc Sync="TRUE">Explicit elevation coordinate included with horizontal coordinates</altenc><altres Sync="TRUE">1.000000</altres></altsys></vertdef></spref><refSysInfo><RefSystem><refSysID><identCode Sync="TRUE" code="4674">South_America_Lambert_Conformal_Conic</identCode><idCodeSpace Sync="TRUE">EPSG</idCodeSpace><idVersion Sync="TRUE">7.8.3(9.2.0)</idVersion></refSysID></RefSystem></refSysInfo><spatRepInfo><VectSpatRep><geometObjs Name="Ilhas_A"><geoObjTyp><GeoObjTypCd value="002" Sync="TRUE"></GeoObjTypCd></geoObjTyp><geoObjCnt Sync="TRUE">0</geoObjCnt></geometObjs><topLvl><TopoLevCd value="001" Sync="TRUE"></TopoLevCd></topLvl></VectSpatRep></spatRepInfo><eainfo><detailed Name="Ilhas_A"><enttyp><enttypl Sync="TRUE">Ilhas_A</enttypl><enttypt Sync="TRUE">Feature Class</enttypt><enttypc Sync="TRUE">0</enttypc></enttyp><attr><attrlabl Sync="TRUE">OBJECTID</attrlabl><attalias Sync="TRUE">OBJECTID</attalias><attrtype Sync="TRUE">Double</attrtype><attwidth Sync="TRUE">19</attwidth><atprecis Sync="TRUE">0</atprecis><attscale Sync="TRUE">0</attscale><attrdef Sync="TRUE">Internal feature number.</attrdef><attrdefs Sync="TRUE">ESRI</attrdefs><attrdomv><udom Sync="TRUE">Sequential unique whole numbers that are automatically generated.</udom></attrdomv></attr><attr><attrlabl Sync="TRUE">FL_IND_NOM</attrlabl><attalias Sync="TRUE">FL_IND_NOM</attalias><attrtype Sync="TRUE">String</attrtype><attwidth Sync="TRUE">18</attwidth><atprecis Sync="TRUE">0</atprecis><attscale Sync="TRUE">0</attscale></attr><attr><attrlabl Sync="TRUE">FID</attrlabl><attalias Sync="TRUE">FID</attalias><attrtype Sync="TRUE">OID</attrtype><attwidth Sync="TRUE">4</attwidth><atprecis Sync="TRUE">0</atprecis><attscale Sync="TRUE">0</attscale><attrdef Sync="TRUE">Internal feature number.</attrdef><attrdefs Sync="TRUE">Esri</attrdefs><attrdomv><udom Sync="TRUE">Sequential unique whole numbers that are automatically generated.</udom></attrdomv></attr><attr><attrlabl Sync="TRUE">SHAPE</attrlabl><attalias Sync="TRUE">Shape</attalias><attrtype Sync="TRUE">Geometry</attrtype><attwidth Sync="TRUE">0</attwidth><atprecis Sync="TRUE">0</atprecis><attscale Sync="TRUE">0</attscale><attrdef Sync="TRUE">Feature geometry.</attrdef><attrdefs Sync="TRUE">ESRI</attrdefs><attrdomv><udom Sync="TRUE">Coordinates defining the features.</udom></attrdomv></attr><subtype><stname Sync="TRUE">Permanente</stname><stcode Sync="TRUE">67</stcode><stfield><stfldnm Sync="TRUE">TIP_HIDROGRAFIA</stfldnm><stflddv Sync="TRUE">67</stflddv></stfield><stfield><stfldnm Sync="TRUE">MET_ALTERACAO</stfldnm><stflddd><domname Sync="TRUE">Metodo_Alteracao</domname><domdesc Sync="TRUE"></domdesc><domtype Sync="TRUE">Coded Value</domtype><mrgtype Sync="TRUE">Default value</mrgtype><splttype Sync="TRUE">Default value</splttype><domowner Sync="TRUE">Naturatins</domowner><domfldtp Sync="TRUE">Integer</domfldtp></stflddd></stfield><stfield><stfldnm Sync="TRUE">FON_INF_ALTERACAO</stfldnm><stflddd><domname Sync="TRUE">Fonte_Alteracao</domname><domdesc Sync="TRUE"></domdesc><domtype Sync="TRUE">Coded Value</domtype><mrgtype Sync="TRUE">Default value</mrgtype><splttype Sync="TRUE">Default value</splttype><domowner Sync="TRUE">Naturatins</domowner><domfldtp Sync="TRUE">Integer</domfldtp></stflddd></stfield></subtype><attr><attrlabl Sync="TRUE">CD_HIDROGR</attrlabl><attalias Sync="TRUE">CD_HIDROGR</attalias><attrtype Sync="TRUE">Double</attrtype><attwidth Sync="TRUE">19</attwidth><atprecis Sync="TRUE">0</atprecis><attscale Sync="TRUE">0</attscale></attr><attr><attrlabl Sync="TRUE">NM_IDENTIF</attrlabl><attalias Sync="TRUE">NM_IDENTIF</attalias><attrtype Sync="TRUE">String</attrtype><attwidth Sync="TRUE">100</attwidth><atprecis Sync="TRUE">0</atprecis><attscale Sync="TRUE">0</attscale></attr><attr><attrlabl Sync="TRUE">TIP_HIDROG</attrlabl><attalias Sync="TRUE">TIP_HIDROG</attalias><attrtype Sync="TRUE">Double</attrtype><attwidth Sync="TRUE">19</attwidth><atprecis Sync="TRUE">0</atprecis><attscale Sync="TRUE">0</attscale></attr><attr><attrlabl Sync="TRUE">DT_AQUISIC</attrlabl><attalias Sync="TRUE">DT_AQUISIC</attalias><attrtype Sync="TRUE">Date</attrtype><attwidth Sync="TRUE">8</attwidth><atprecis Sync="TRUE">0</atprecis><attscale Sync="TRUE">0</attscale></attr><attr><attrlabl Sync="TRUE">DT_ALTERAC</attrlabl><attalias Sync="TRUE">DT_ALTERAC</attalias><attrtype Sync="TRUE">Date</attrtype><attwidth Sync="TRUE">8</attwidth><atprecis Sync="TRUE">0</atprecis><attscale Sync="TRUE">0</attscale></attr><attr><attrlabl Sync="TRUE">MET_ALTERA</attrlabl><attalias Sync="TRUE">MET_ALTERA</attalias><attrtype Sync="TRUE">Double</attrtype><attwidth Sync="TRUE">19</attwidth><atprecis Sync="TRUE">0</atprecis><attscale Sync="TRUE">0</attscale></attr><attr><attrlabl Sync="TRUE">FON_INF_AL</attrlabl><attalias Sync="TRUE">FON_INF_AL</attalias><attrtype Sync="TRUE">Double</attrtype><attwidth Sync="TRUE">19</attwidth><atprecis Sync="TRUE">0</atprecis><attscale Sync="TRUE">0</attscale></attr><subtype><stname Sync="TRUE">Intermitente</stname><stcode Sync="TRUE">68</stcode><stfield><stfldnm Sync="TRUE">TIP_HIDROGRAFIA</stfldnm><stflddv Sync="TRUE">67</stflddv></stfield><stfield><stfldnm Sync="TRUE">MET_ALTERACAO</stfldnm><stflddd><domname Sync="TRUE">Metodo_Alteracao</domname><domdesc Sync="TRUE"></domdesc><domtype Sync="TRUE">Coded Value</domtype><mrgtype Sync="TRUE">Default value</mrgtype><splttype Sync="TRUE">Default value</splttype><domowner Sync="TRUE">Naturatins</domowner><domfldtp Sync="TRUE">Integer</domfldtp></stflddd></stfield><stfield><stfldnm Sync="TRUE">FON_INF_ALTERACAO</stfldnm><stflddd><domname Sync="TRUE">Fonte_Alteracao</domname><domdesc Sync="TRUE"></domdesc><domtype Sync="TRUE">Coded Value</domtype><mrgtype Sync="TRUE">Default value</mrgtype><splttype Sync="TRUE">Default value</splttype><domowner Sync="TRUE">Naturatins</domowner><domfldtp Sync="TRUE">Integer</domfldtp></stflddd></stfield></subtype><attr><attrlabl Sync="TRUE">NM_RIO_ASS</attrlabl><attalias Sync="TRUE">NM_RIO_ASS</attalias><attrtype Sync="TRUE">String</attrtype><attwidth Sync="TRUE">254</attwidth><atprecis Sync="TRUE">0</atprecis><attscale Sync="TRUE">0</attscale></attr><attr><attrlabl Sync="TRUE">Shape_Leng</attrlabl><attalias Sync="TRUE">Shape_Leng</attalias><attrtype Sync="TRUE">Double</attrtype><attwidth Sync="TRUE">19</attwidth><atprecis Sync="TRUE">0</atprecis><attscale Sync="TRUE">0</attscale></attr><attr><attrlabl Sync="TRUE">Shape_Area</attrlabl><attalias Sync="TRUE">Shape_Area</attalias><attrtype Sync="TRUE">Double</attrtype><attwidth Sync="TRUE">19</attwidth><atprecis Sync="TRUE">0</atprecis><attscale Sync="TRUE">0</attscale><attrdef Sync="TRUE">Area of feature in internal units squared.</attrdef><attrdefs Sync="TRUE">Esri</attrdefs><attrdomv><udom Sync="TRUE">Positive real numbers that are automatically generated.</udom></attrdomv></attr></detailed></eainfo><mdDateSt Sync="TRUE">20240511</mdDateSt><dataqual><lineage><procstep><procdesc Sync="TRUE">Dataset copied.</procdesc><srcused Sync="TRUE">Server=ppma; Service=5151; User=naturatins; Version=SDE.DEFAULT</srcused><date Sync="TRUE">20040726</date><time Sync="TRUE">21531600</time></procstep><procstep><procdesc Sync="TRUE">Dataset copied.</procdesc><srcused Sync="TRUE">Server=tm008; Service=5151; User=naturatins; Version=SDE.DEFAULT</srcused><date Sync="TRUE">20040812</date><time Sync="TRUE">17431100</time></procstep><procstep><procdesc Sync="TRUE">Dataset copied.</procdesc><srcused Sync="TRUE"></srcused><date Sync="TRUE">20080408</date><time Sync="TRUE">08344200</time></procstep><procstep><procdesc Sync="TRUE">Dataset copied.</procdesc><srcused Sync="TRUE">\\Dzee-arqs\projetos\Arcinfo\proj_sto\Geodata_Base_Tocantins\Atlas.mdb</srcused><date Sync="TRUE">20090507</date><time Sync="TRUE">16111000</time></procstep></lineage></dataqual></metadata>
